"id","window_start","window_end","window_setting","number_of_cores","number_of_threads","latency","throughput","created_at"
1,"1762953060","1762953120","tumbling_1 minutes","4","1","0.429","153.84616","2025-11-12 13:15:49.491507+00"
2,"1762953120","1762953180","tumbling_1 minutes","4","1","0.589","113.75212","2025-11-12 13:15:49.500149+00"
3,"1762953180","1762953240","tumbling_1 minutes","4","1","0.62","106.451614","2025-11-12 13:15:49.501273+00"
4,"1762953240","1762953300","tumbling_1 minutes","4","1","0.341","196.48094","2025-11-12 13:15:49.502423+00"
5,"1762953300","1762953360","tumbling_1 minutes","4","1","0.117","564.10254","2025-11-12 13:16:00.514206+00"
6,"1762953360","1762953420","tumbling_1 minutes","4","1","0.868","77.18894","2025-11-12 13:17:01.670167+00"
7,"1762953420","1762953480","tumbling_1 minutes","4","1","0.118","559.322","2025-11-12 13:18:00.442982+00"
8,"1762953480","1762953540","tumbling_1 minutes","4","1","0.338","198.22485","2025-11-12 13:19:01.058232+00"
9,"1762953540","1762953600","tumbling_1 minutes","4","1","0.465","141.93549","2025-11-12 13:20:00.682901+00"
10,"1762953600","1762953660","tumbling_1 minutes","4","1","0.403","166.2531","2025-11-12 13:21:01.031788+00"
11,"1762953660","1762953720","tumbling_1 minutes","4","1","0.19","347.3684","2025-11-12 13:22:00.329031+00"
12,"1762953720","1762953780","tumbling_1 minutes","4","1","0.658","101.82371","2025-11-12 13:23:01.202275+00"
13,"1762953780","1762953840","tumbling_1 minutes","4","1","0.572","115.38461","2025-11-12 13:24:00.621858+00"
14,"1762953840","1762953900","tumbling_1 minutes","4","1","0.267","250.93633","2025-11-12 13:25:00.738654+00"
15,"1762953900","1762953960","tumbling_1 minutes","4","1","0.346","193.64162","2025-11-12 13:26:01.215935+00"
16,"1762953960","1762954020","tumbling_1 minutes","4","1","1.272","51.88679","2025-11-12 13:27:01.654048+00"
17,"1762954020","1762954080","tumbling_1 minutes","4","1","0.402","166.66667","2025-11-12 13:28:01.192606+00"
18,"1762954080","1762954140","tumbling_1 minutes","4","1","0.588","112.244896","2025-11-12 13:29:00.884222+00"
19,"1762954140","1762954200","tumbling_1 minutes","4","1","0.227","295.15417","2025-11-12 13:30:00.936836+00"
20,"1762954200","1762954260","tumbling_1 minutes","4","1","0.23","286.9565","2025-11-12 13:31:00.438269+00"
21,"1762954260","1762954320","tumbling_1 minutes","4","1","0.122","549.1803","2025-11-12 13:32:00.741849+00"
22,"1762954320","1762954380","tumbling_1 minutes","4","1","0.278","237.41006","2025-11-12 13:33:00.406633+00"
23,"1762954380","1762954440","tumbling_1 minutes","4","1","0.165","406.0606","2025-11-12 13:34:00.686688+00"
24,"1762954440","1762954500","tumbling_1 minutes","4","1","0.195","338.46155","2025-11-12 13:35:00.226861+00"
25,"1762954500","1762954560","tumbling_1 minutes","4","1","0.673","99.55424","2025-11-12 13:36:01.110145+00"
26,"1762954560","1762954620","tumbling_1 minutes","4","1","0.179","374.30167","2025-11-12 13:37:01.019416+00"
27,"1762954620","1762954680","tumbling_1 minutes","4","1","0.502","131.4741","2025-11-12 13:38:00.842467+00"
28,"1762954680","1762954740","tumbling_1 minutes","4","1","0.142","471.831","2025-11-12 13:39:00.884128+00"
29,"1762954740","1762954800","tumbling_1 minutes","4","1","0.417","158.27338","2025-11-12 13:40:00.66964+00"
30,"1762954800","1762954860","tumbling_1 minutes","4","1","0.387","173.12662","2025-11-12 13:41:01.053558+00"
31,"1762954860","1762954920","tumbling_1 minutes","4","1","0.184","358.69565","2025-11-12 13:42:00.365594+00"
32,"1762954920","1762954980","tumbling_1 minutes","4","1","0.254","263.77954","2025-11-12 13:43:00.848007+00"
33,"1762954980","1762955040","tumbling_1 minutes","4","1","0.359","183.84401","2025-11-12 13:44:00.460965+00"
34,"1762955040","1762955100","tumbling_1 minutes","4","1","1.058","63.327034","2025-11-12 13:45:01.569107+00"
35,"1762955100","1762955160","tumbling_1 minutes","4","1","0.638","105.01567","2025-11-12 13:46:01.555069+00"
36,"1762955160","1762955220","tumbling_1 minutes","4","1","0.689","95.791","2025-11-12 13:47:01.112206+00"
37,"1762955220","1762955280","tumbling_1 minutes","4","1","0.176","380.68182","2025-11-12 13:48:01.009549+00"
38,"1762955280","1762955340","tumbling_1 minutes","4","1","0.371","177.89757","2025-11-12 13:49:00.698778+00"
39,"1762955340","1762955400","tumbling_1 minutes","4","1","0.166","403.61447","2025-11-12 13:50:00.893275+00"
40,"1762955400","1762955460","tumbling_1 minutes","4","1","0.439","150.34169","2025-11-12 13:51:00.670572+00"
41,"1762955460","1762955520","tumbling_1 minutes","4","1","0.262","255.72519","2025-11-12 13:52:00.912373+00"
42,"1762955520","1762955580","tumbling_1 minutes","4","1","0.131","503.8168","2025-11-12 13:53:00.275566+00"
43,"1762955580","1762955640","tumbling_1 minutes","4","1","0.585","114.529915","2025-11-12 13:54:01.140899+00"
44,"1762955640","1762955700","tumbling_1 minutes","4","1","0.145","455.17242","2025-11-12 13:55:00.200319+00"
45,"1762955700","1762955760","tumbling_1 minutes","4","1","0.475","141.05263","2025-11-12 13:56:00.925117+00"
46,"1762955760","1762955820","tumbling_1 minutes","4","1","0.412","162.62135","2025-11-12 13:57:01.274324+00"
47,"1762955820","1762955880","tumbling_1 minutes","4","1","0.641","102.96412","2025-11-12 13:58:01.035905+00"
48,"1762955880","1762955940","tumbling_1 minutes","4","1","0.57","117.54386","2025-11-12 13:59:01.362097+00"
49,"1762955940","1762956000","tumbling_1 minutes","4","1","0.338","195.26627","2025-11-12 14:00:00.638811+00"
50,"1762956000","1762956060","tumbling_1 minutes","4","1","0.122","549.1803","2025-11-12 14:01:00.845975+00"
51,"1762956060","1762956120","tumbling_1 minutes","4","1","1.179","55.979645","2025-11-12 14:02:01.410001+00"
52,"1762956120","1762956180","tumbling_1 minutes","4","1","0.421","159.1449","2025-11-12 14:03:01.061239+00"
53,"1762956180","1762956240","tumbling_1 minutes","4","1","0.119","554.6218","2025-11-12 14:04:00.254835+00"
54,"1762956240","1762956300","tumbling_1 minutes","4","1","0.733","91.40518","2025-11-12 14:05:01.285427+00"
55,"1762956300","1762956360","tumbling_1 minutes","4","1","0.297","222.22223","2025-11-12 14:06:00.347442+00"
56,"1762956360","1762956420","tumbling_1 minutes","4","1","0.509","131.63065","2025-11-12 14:07:00.977845+00"
57,"1762956420","1762956480","tumbling_1 minutes","4","1","0.418","160.28708","2025-11-12 14:08:01.284759+00"
58,"1762956480","1762956540","tumbling_1 minutes","4","1","0.5","132","2025-11-12 14:09:00.876721+00"
59,"1762956540","1762956600","tumbling_1 minutes","4","1","0.328","204.2683","2025-11-12 14:10:01.109471+00"
60,"1762956600","1762956660","tumbling_1 minutes","4","1","0.164","402.43903","2025-11-12 14:11:00.452264+00"
61,"1762956660","1762956720","tumbling_1 minutes","4","1","0.353","189.8017","2025-11-12 14:12:01.049028+00"
62,"1762956720","1762956780","tumbling_1 minutes","4","1","0.632","104.43038","2025-11-12 14:13:00.824256+00"
63,"1762956780","1762956840","tumbling_1 minutes","4","1","0.55","121.818184","2025-11-12 14:14:01.157761+00"
64,"1762956840","1762956900","tumbling_1 minutes","4","1","0.696","94.82758","2025-11-12 14:15:00.804127+00"
65,"1762956900","1762956960","tumbling_1 minutes","4","1","0.266","251.8797","2025-11-12 14:16:00.777274+00"
66,"1762956960","1762957020","tumbling_1 minutes","4","1","0.37","181.08109","2025-11-12 14:17:01.287171+00"
67,"1762957020","1762957080","tumbling_1 minutes","4","1","0.445","148.3146","2025-11-12 14:18:00.867375+00"
68,"1762957080","1762957140","tumbling_1 minutes","4","1","0.488","137.29507","2025-11-12 14:19:01.316209+00"
69,"1762957140","1762957200","tumbling_1 minutes","4","1","1.278","51.643192","2025-11-12 14:20:01.608116+00"
70,"1762957200","1762957260","tumbling_1 minutes","4","1","0.602","111.295685","2025-11-12 14:21:01.339917+00"
71,"1762957260","1762957320","tumbling_1 minutes","4","1","0.329","200.60791","2025-11-12 14:22:00.565764+00"
72,"1762957320","1762957380","tumbling_1 minutes","4","1","0.42","159.5238","2025-11-12 14:23:01.057981+00"
73,"1762957380","1762957440","tumbling_1 minutes","4","1","0.42","157.14285","2025-11-12 14:24:00.573636+00"
74,"1762957440","1762957500","tumbling_1 minutes","4","1","0.269","249.07063","2025-11-12 14:25:00.823567+00"
75,"1762957500","1762957560","tumbling_1 minutes","4","1","0.592","111.48649","2025-11-12 14:26:00.648022+00"
76,"1762957560","1762957620","tumbling_1 minutes","4","1","0.149","449.66443","2025-11-12 14:27:00.617361+00"
77,"1762957620","1762957680","tumbling_1 minutes","4","1","0.532","125.93985","2025-11-12 14:28:01.406717+00"
78,"1762957680","1762957740","tumbling_1 minutes","4","1","0.516","127.906975","2025-11-12 14:29:00.888194+00"
79,"1762957740","1762957800","tumbling_1 minutes","4","1","0.213","314.554","2025-11-12 14:30:00.985059+00"
80,"1762957800","1762957860","tumbling_1 minutes","4","1","0.29","227.58621","2025-11-12 14:31:00.567728+00"
81,"1762957860","1762957920","tumbling_1 minutes","4","1","0.191","350.78534","2025-11-12 14:32:00.880891+00"
82,"1762957920","1762957980","tumbling_1 minutes","4","1","0.118","559.322","2025-11-12 14:33:00.302773+00"
83,"1762957980","1762958040","tumbling_1 minutes","4","1","0.637","105.180534","2025-11-12 14:34:01.246545+00"
84,"1762958040","1762958100","tumbling_1 minutes","4","1","0.84","78.57143","2025-11-12 14:35:00.972358+00"
85,"1762958100","1762958160","tumbling_1 minutes","4","1","0.164","408.5366","2025-11-12 14:36:00.700458+00"
86,"1762958160","1762958220","tumbling_1 minutes","4","1","0.125","528","2025-11-12 14:37:00.171438+00"
87,"1762958220","1762958280","tumbling_1 minutes","4","1","0.235","285.10638","2025-11-12 14:38:00.69642+00"
88,"1762958280","1762958340","tumbling_1 minutes","4","1","0.581","115.31841","2025-11-12 14:39:01.445787+00"
89,"1762958340","1762958400","tumbling_1 minutes","4","1","0.346","190.75145","2025-11-12 14:40:00.708059+00"
90,"1762958400","1762958460","tumbling_1 minutes","4","1","0.175","382.85715","2025-11-12 14:41:00.946945+00"
91,"1762958460","1762958520","tumbling_1 minutes","4","1","0.343","192.41983","2025-11-12 14:42:00.632843+00"
92,"1762958520","1762958580","tumbling_1 minutes","4","1","0.41","163.41463","2025-11-12 14:43:01.108596+00"
93,"1762958580","1762958640","tumbling_1 minutes","4","1","0.267","247.19101","2025-11-12 14:44:00.453376+00"
94,"1762958640","1762958700","tumbling_1 minutes","4","1","0.575","116.521736","2025-11-12 14:45:01.15651+00"
95,"1762958700","1762958760","tumbling_1 minutes","4","1","0.721","91.53953","2025-11-12 14:46:00.804664+00"
96,"1762958760","1762958820","tumbling_1 minutes","4","1","0.167","401.1976","2025-11-12 14:47:00.662381+00"
97,"1762958820","1762958880","tumbling_1 minutes","4","1","0.222","301.8018","2025-11-12 14:48:01.129785+00"
98,"1762958880","1762958940","tumbling_1 minutes","4","1","0.311","212.21864","2025-11-12 14:49:00.727776+00"
99,"1762958940","1762959000","tumbling_1 minutes","4","1","0.529","126.65407","2025-11-12 14:50:01.347202+00"
100,"1762959000","1762959060","tumbling_1 minutes","4","1","0.469","140.72495","2025-11-12 14:51:00.784745+00"
101,"1762959060","1762959120","tumbling_1 minutes","4","1","0.203","330.04926","2025-11-12 14:52:00.929849+00"
102,"1762959120","1762959180","tumbling_1 minutes","4","1","0.293","225.25597","2025-11-12 14:53:00.536481+00"
103,"1762959180","1762959240","tumbling_1 minutes","4","1","0.827","81.01572","2025-11-12 14:54:01.468093+00"
104,"1762959240","1762959300","tumbling_1 minutes","4","1","0.352","187.5","2025-11-12 14:55:00.490228+00"
105,"1762959300","1762959360","tumbling_1 minutes","4","1","0.928","72.19827","2025-11-12 14:56:01.491637+00"
106,"1762959360","1762959420","tumbling_1 minutes","4","1","0.381","173.22835","2025-11-12 14:57:00.433627+00"
107,"1762959420","1762959480","tumbling_1 minutes","4","1","0.757","88.50726","2025-11-12 14:58:01.212554+00"
108,"1762959480","1762959540","tumbling_1 minutes","4","1","0.342","195.90643","2025-11-12 14:59:01.194842+00"
109,"1762959540","1762959600","tumbling_1 minutes","4","1","0.553","119.34901","2025-11-12 15:00:00.908614+00"
110,"1762959600","1762959660","tumbling_1 minutes","4","1","0.684","97.95322","2025-11-12 15:01:01.441204+00"
111,"1762959660","1762959720","tumbling_1 minutes","4","1","0.431","153.13225","2025-11-12 15:02:00.70119+00"
112,"1762959720","1762959780","tumbling_1 minutes","4","1","1.263","53.048298","2025-11-12 15:03:01.923302+00"
113,"1762959780","1762959840","tumbling_1 minutes","4","1","0.883","74.745186","2025-11-12 15:04:01.048533+00"
114,"1762959840","1762959900","tumbling_1 minutes","4","1","0.377","177.71883","2025-11-12 15:05:00.934336+00"
115,"1762959900","1762959960","tumbling_1 minutes","4","1","1.455","45.360825","2025-11-12 15:06:01.521054+00"
116,"1762959960","1762960020","tumbling_1 minutes","4","1","0.478","140.16736","2025-11-12 15:07:00.950202+00"
117,"1762960020","1762960080","tumbling_1 minutes","4","1","0.694","96.54179","2025-11-12 15:08:01.564798+00"
118,"1762960080","1762960140","tumbling_1 minutes","4","1","0.192","343.75","2025-11-12 15:09:00.565758+00"
119,"1762960140","1762960200","tumbling_1 minutes","4","1","0.326","205.52147","2025-11-12 15:10:01.105784+00"
120,"1762960200","1762960260","tumbling_1 minutes","4","1","0.113","584.0708","2025-11-12 15:11:00.393182+00"
121,"1762960260","1762960320","tumbling_1 minutes","4","1","0.318","210.69182","2025-11-12 15:12:01.007402+00"
122,"1762960320","1762960380","tumbling_1 minutes","4","1","0.436","151.37614","2025-11-12 15:13:00.62425+00"
123,"1762960380","1762960440","tumbling_1 minutes","4","1","0.377","177.71883","2025-11-12 15:14:00.957351+00"
124,"1762960440","1762960500","tumbling_1 minutes","4","1","0.131","503.8168","2025-11-12 15:15:00.212495+00"
125,"1762960500","1762960560","tumbling_1 minutes","4","1","0.271","247.23247","2025-11-12 15:16:00.750922+00"
126,"1762960560","1762960620","tumbling_1 minutes","4","1","0.148","452.7027","2025-11-12 15:17:01.032301+00"
127,"1762960620","1762960680","tumbling_1 minutes","4","1","0.129","511.6279","2025-11-12 15:18:00.509227+00"
128,"1762960680","1762960740","tumbling_1 minutes","4","1","0.368","182.06522","2025-11-12 15:19:01.143209+00"
129,"1762960740","1762960800","tumbling_1 minutes","4","1","0.196","336.73468","2025-11-12 15:20:00.466172+00"
130,"1762960800","1762960860","tumbling_1 minutes","4","1","0.307","218.24104","2025-11-12 15:21:00.976692+00"
131,"1762960860","1762960920","tumbling_1 minutes","4","1","0.466","141.6309","2025-11-12 15:22:00.65461+00"
132,"1762960920","1762960980","tumbling_1 minutes","4","1","0.276","242.75362","2025-11-12 15:23:00.843306+00"
133,"1762960980","1762961040","tumbling_1 minutes","4","1","0.175","377.14285","2025-11-12 15:24:00.250862+00"
134,"1762961040","1762961100","tumbling_1 minutes","4","1","0.501","133.73253","2025-11-12 15:25:00.984686+00"
135,"1762961100","1762961160","tumbling_1 minutes","4","1","0.189","354.49734","2025-11-12 15:26:01.071242+00"
136,"1762961160","1762961220","tumbling_1 minutes","4","1","0.234","282.05127","2025-11-12 15:27:00.608018+00"
137,"1762961220","1762961280","tumbling_1 minutes","4","1","0.66","101.51515","2025-11-12 15:28:01.430259+00"
138,"1762961280","1762961340","tumbling_1 minutes","4","1","0.562","117.43772","2025-11-12 15:29:00.833616+00"
139,"1762961340","1762961400","tumbling_1 minutes","4","1","0.706","94.90085","2025-11-12 15:30:01.382881+00"
140,"1762961400","1762961460","tumbling_1 minutes","4","1","0.714","92.43697","2025-11-12 15:31:00.88705+00"
141,"1762961460","1762961520","tumbling_1 minutes","4","1","0.368","182.06522","2025-11-12 15:32:00.932407+00"
142,"1762961520","1762961580","tumbling_1 minutes","4","1","0.92","71.73913","2025-11-12 15:33:00.985902+00"
143,"1762961580","1762961640","tumbling_1 minutes","4","1","0.116","577.5862","2025-11-12 15:34:00.580206+00"
144,"1762961640","1762961700","tumbling_1 minutes","4","1","0.323","207.43034","2025-11-12 15:35:01.183145+00"
145,"1762961700","1762961760","tumbling_1 minutes","4","1","0.226","292.0354","2025-11-12 15:36:00.585737+00"
146,"1762961760","1762961820","tumbling_1 minutes","4","1","1.304","51.380367","2025-11-12 15:37:02.072774+00"
147,"1762961820","1762961880","tumbling_1 minutes","4","1","0.289","228.3737","2025-11-12 15:38:00.549392+00"
148,"1762961880","1762961940","tumbling_1 minutes","4","1","0.16","418.75","2025-11-12 15:39:00.823435+00"
149,"1762961940","1762962000","tumbling_1 minutes","4","1","0.236","279.661","2025-11-12 15:40:00.406169+00"
150,"1762962000","1762962060","tumbling_1 minutes","4","1","0.205","326.82925","2025-11-12 15:41:00.766736+00"
151,"1762962060","1762962120","tumbling_1 minutes","4","1","0.516","127.906975","2025-11-12 15:42:00.586023+00"
152,"1762962120","1762962180","tumbling_1 minutes","4","1","1.019","65.75073","2025-11-12 15:43:01.488997+00"
153,"1762962180","1762962240","tumbling_1 minutes","4","1","0.338","198.22485","2025-11-12 15:44:01.2199+00"
154,"1762962240","1762962300","tumbling_1 minutes","4","1","0.155","425.80646","2025-11-12 15:45:00.527283+00"
155,"1762962300","1762962360","tumbling_1 minutes","4","1","0.156","429.48718","2025-11-12 15:46:00.928975+00"
156,"1762962360","1762962420","tumbling_1 minutes","4","1","0.283","233.21555","2025-11-12 15:47:00.559418+00"
157,"1762962420","1762962480","tumbling_1 minutes","4","1","0.375","178.66667","2025-11-12 15:48:01.058648+00"
158,"1762962480","1762962540","tumbling_1 minutes","4","1","0.149","442.95303","2025-11-12 15:49:00.3255+00"
159,"1762962540","1762962600","tumbling_1 minutes","4","1","0.266","251.8797","2025-11-12 15:50:00.84596+00"
160,"1762962600","1762962660","tumbling_1 minutes","4","1","1.597","41.327488","2025-11-12 15:51:01.682958+00"
161,"1762962660","1762962720","tumbling_1 minutes","4","1","1.336","50.1497","2025-11-12 15:52:01.82415+00"
162,"1762962720","1762962780","tumbling_1 minutes","4","1","0.123","544.71545","2025-11-12 15:53:01.01961+00"
163,"1762962780","1762962840","tumbling_1 minutes","4","1","0.184","358.69565","2025-11-12 15:54:00.574085+00"
164,"1762962840","1762962900","tumbling_1 minutes","4","1","0.155","432.25806","2025-11-12 15:55:00.948582+00"
165,"1762962900","1762962960","tumbling_1 minutes","4","1","0.309","213.59224","2025-11-12 15:56:00.59215+00"
166,"1762962960","1762963020","tumbling_1 minutes","4","1","0.983","68.1587","2025-11-12 15:57:01.67485+00"
167,"1762963020","1762963080","tumbling_1 minutes","4","1","0.791","83.43868","2025-11-12 15:58:00.980234+00"
168,"1762963080","1762963140","tumbling_1 minutes","4","1","0.262","255.72519","2025-11-12 15:59:00.852555+00"
169,"1762963140","1762963200","tumbling_1 minutes","4","1","0.545","121.100914","2025-11-12 16:00:00.632039+00"
170,"1762963200","1762963260","tumbling_1 minutes","4","1","0.367","182.56131","2025-11-12 16:01:00.854679+00"
171,"1762963260","1762963320","tumbling_1 minutes","4","1","0.135","496.2963","2025-11-12 16:02:01.035689+00"
172,"1762963320","1762963380","tumbling_1 minutes","4","1","0.236","279.661","2025-11-12 16:03:00.627505+00"
173,"1762963380","1762963440","tumbling_1 minutes","4","1","0.528","126.893936","2025-11-12 16:04:01.310923+00"
174,"1762963440","1762963500","tumbling_1 minutes","4","1","0.142","464.78873","2025-11-12 16:05:00.425646+00"
175,"1762963500","1762963560","tumbling_1 minutes","4","1","0.281","238.43416","2025-11-12 16:06:00.974535+00"
176,"1762963560","1762963620","tumbling_1 minutes","4","1","0.475","138.94737","2025-11-12 16:07:00.666638+00"
177,"1762963620","1762963680","tumbling_1 minutes","4","1","0.638","105.01567","2025-11-12 16:08:01.230391+00"
178,"1762963680","1762963740","tumbling_1 minutes","4","1","0.593","111.298485","2025-11-12 16:09:00.690929+00"
179,"1762963740","1762963800","tumbling_1 minutes","4","1","0.999","67.06707","2025-11-12 16:10:01.496311+00"
180,"1762963800","1762963860","tumbling_1 minutes","4","1","0.163","411.04294","2025-11-12 16:11:01.070029+00"
181,"1762963860","1762963920","tumbling_1 minutes","4","1","0.22","300","2025-11-12 16:12:00.63213+00"
182,"1762963920","1762963980","tumbling_1 minutes","4","1","0.555","120.72072","2025-11-12 16:13:01.354418+00"
183,"1762963980","1762964040","tumbling_1 minutes","4","1","0.597","110.552765","2025-11-12 16:14:00.892091+00"
184,"1762964040","1762964100","tumbling_1 minutes","4","1","0.169","396.4497","2025-11-12 16:15:00.863278+00"
185,"1762964100","1762964160","tumbling_1 minutes","4","1","0.111","594.5946","2025-11-12 16:16:00.310639+00"
186,"1762964160","1762964220","tumbling_1 minutes","4","1","0.154","435.06494","2025-11-12 16:17:00.753405+00"
187,"1762964220","1762964280","tumbling_1 minutes","4","1","0.111","594.5946","2025-11-12 16:18:00.21118+00"
188,"1762964280","1762964340","tumbling_1 minutes","4","1","1.082","61.922367","2025-11-12 16:19:01.574265+00"
189,"1762964340","1762964400","tumbling_1 minutes","4","1","0.157","426.7516","2025-11-12 16:20:01.054277+00"
190,"1762964400","1762964460","tumbling_1 minutes","4","1","0.327","201.83487","2025-11-12 16:21:00.72494+00"
191,"1762964460","1762964520","tumbling_1 minutes","4","1","0.459","145.9695","2025-11-12 16:22:01.253678+00"
192,"1762964520","1762964580","tumbling_1 minutes","4","1","0.429","153.84616","2025-11-12 16:23:00.718989+00"
193,"1762964580","1762964640","tumbling_1 minutes","4","1","0.135","496.2963","2025-11-12 16:24:00.814557+00"
194,"1762964640","1762964700","tumbling_1 minutes","4","1","0.65","101.53846","2025-11-12 16:25:00.82727+00"
195,"1762964700","1762964760","tumbling_1 minutes","4","1","0.153","437.9085","2025-11-12 16:26:00.740656+00"
196,"1762964760","1762964820","tumbling_1 minutes","4","1","0.245","269.38776","2025-11-12 16:27:00.325132+00"
197,"1762964820","1762964880","tumbling_1 minutes","4","1","0.369","181.57182","2025-11-12 16:28:00.850178+00"
198,"1762964880","1762964940","tumbling_1 minutes","4","1","0.134","500","2025-11-12 16:29:01.027937+00"
199,"1762964940","1762965000","tumbling_1 minutes","4","1","0.367","179.83652","2025-11-12 16:30:00.745013+00"
200,"1762965000","1762965060","tumbling_1 minutes","4","1","0.138","485.50723","2025-11-12 16:31:00.936109+00"
201,"1762965060","1762965120","tumbling_1 minutes","4","1","0.319","206.89655","2025-11-12 16:32:00.609667+00"
202,"1762965120","1762965180","tumbling_1 minutes","4","1","0.129","519.3798","2025-11-12 16:33:00.817859+00"
203,"1762965180","1762965240","tumbling_1 minutes","4","1","0.233","283.2618","2025-11-12 16:34:00.426287+00"
204,"1762965240","1762965300","tumbling_1 minutes","4","1","0.119","563.0252","2025-11-12 16:35:00.703588+00"
205,"1762965300","1762965360","tumbling_1 minutes","4","1","0.668","98.8024","2025-11-12 16:36:00.751892+00"
206,"1762965360","1762965420","tumbling_1 minutes","4","1","0.631","106.180664","2025-11-12 16:37:01.121259+00"
207,"1762965420","1762965480","tumbling_1 minutes","4","1","0.111","603.6036","2025-11-12 16:38:01.002574+00"
208,"1762965480","1762965540","tumbling_1 minutes","4","1","0.547","120.658134","2025-11-12 16:39:00.941165+00"
209,"1762965540","1762965600","tumbling_1 minutes","4","1","0.34","197.05882","2025-11-12 16:40:01.136242+00"
210,"1762965600","1762965660","tumbling_1 minutes","4","1","0.491","134.41956","2025-11-12 16:41:00.789042+00"
211,"1762965660","1762965720","tumbling_1 minutes","4","1","0.959","69.86444","2025-11-12 16:42:01.663924+00"
212,"1762965720","1762965780","tumbling_1 minutes","4","1","0.25","264","2025-11-12 16:43:00.449265+00"
213,"1762965780","1762965840","tumbling_1 minutes","4","1","0.725","92.413795","2025-11-12 16:44:01.333145+00"
214,"1762965840","1762965900","tumbling_1 minutes","4","1","0.835","79.041916","2025-11-12 16:45:00.945809+00"
215,"1762965900","1762965960","tumbling_1 minutes","4","1","0.108","620.37036","2025-11-12 16:46:00.627152+00"
216,"1762965960","1762966020","tumbling_1 minutes","4","1","0.449","146.99332","2025-11-12 16:47:00.491907+00"
217,"1762966020","1762966080","tumbling_1 minutes","4","1","0.143","468.53146","2025-11-12 16:48:00.584419+00"
218,"1762966080","1762966140","tumbling_1 minutes","4","1","0.156","429.48718","2025-11-12 16:49:00.989797+00"
219,"1762966140","1762966200","tumbling_1 minutes","4","1","0.585","112.82051","2025-11-12 16:50:00.92673+00"
220,"1762966200","1762966260","tumbling_1 minutes","4","1","0.458","146.28821","2025-11-12 16:51:01.193266+00"
221,"1762966260","1762966320","tumbling_1 minutes","4","1","0.601","109.81697","2025-11-12 16:52:00.851211+00"
222,"1762966320","1762966380","tumbling_1 minutes","4","1","0.439","152.61958","2025-11-12 16:53:01.080159+00"
223,"1762966380","1762966440","tumbling_1 minutes","4","1","0.375","176","2025-11-12 16:54:00.514083+00"
224,"1762966440","1762966500","tumbling_1 minutes","4","1","0.374","179.14438","2025-11-12 16:55:00.915471+00"
225,"1762966500","1762966560","tumbling_1 minutes","4","1","0.993","66.465256","2025-11-12 16:56:01.036964+00"
226,"1762966560","1762966620","tumbling_1 minutes","4","1","0.384","174.47917","2025-11-12 16:57:00.826082+00"
227,"1762966620","1762966680","tumbling_1 minutes","4","1","0.165","406.0606","2025-11-12 16:58:01.009204+00"
228,"1762966680","1762966740","tumbling_1 minutes","4","1","1.773","37.22504","2025-11-12 16:59:02.112063+00"
229,"1762966740","1762966800","tumbling_1 minutes","4","1","1.063","63.029163","2025-11-12 17:00:01.802285+00"
230,"1762966800","1762966860","tumbling_1 minutes","4","1","0.131","503.8168","2025-11-12 17:01:00.379319+00"
231,"1762966860","1762966920","tumbling_1 minutes","4","1","0.344","194.76744","2025-11-12 17:02:01.003052+00"
232,"1762966920","1762966980","tumbling_1 minutes","4","1","0.513","128.65497","2025-11-12 17:03:00.667276+00"
233,"1762966980","1762967040","tumbling_1 minutes","4","1","1.358","49.33726","2025-11-12 17:04:01.915443+00"
234,"1762967040","1762967100","tumbling_1 minutes","4","1","0.146","452.0548","2025-11-12 17:05:00.204936+00"
235,"1762967100","1762967160","tumbling_1 minutes","4","1","0.147","455.78232","2025-11-12 17:06:00.598708+00"
236,"1762967160","1762967220","tumbling_1 minutes","4","1","0.232","288.7931","2025-11-12 17:07:01.086648+00"
237,"1762967220","1762967280","tumbling_1 minutes","4","1","1.014","65.08876","2025-11-12 17:08:01.372737+00"
238,"1762967280","1762967340","tumbling_1 minutes","4","1","0.714","93.83753","2025-11-12 17:09:01.468843+00"
239,"1762967340","1762967400","tumbling_1 minutes","4","1","0.4","165","2025-11-12 17:10:00.657581+00"
240,"1762967400","1762967460","tumbling_1 minutes","4","1","0.308","217.53247","2025-11-12 17:11:00.97307+00"
241,"1762967460","1762967520","tumbling_1 minutes","4","1","0.2","330","2025-11-12 17:12:00.370397+00"
242,"1762967520","1762967580","tumbling_1 minutes","4","1","0.573","116.928444","2025-11-12 17:13:01.146539+00"
243,"1762967580","1762967640","tumbling_1 minutes","4","1","0.57","115.789474","2025-11-12 17:14:00.63443+00"
244,"1762967640","1762967700","tumbling_1 minutes","4","1","0.698","95.98854","2025-11-12 17:15:01.158821+00"
245,"1762967700","1762967760","tumbling_1 minutes","4","1","0.479","139.87474","2025-11-12 17:16:01.345541+00"
246,"1762967760","1762967820","tumbling_1 minutes","4","1","0.437","151.02975","2025-11-12 17:17:00.799747+00"
247,"1762967820","1762967880","tumbling_1 minutes","4","1","1.449","46.238785","2025-11-12 17:18:02.213732+00"
248,"1762967880","1762967940","tumbling_1 minutes","4","1","0.227","290.7489","2025-11-12 17:19:00.49849+00"
249,"1762967940","1762968000","tumbling_1 minutes","4","1","0.231","290.0433","2025-11-12 17:20:00.904536+00"
250,"1762968000","1762968060","tumbling_1 minutes","4","1","1.395","47.31183","2025-11-12 17:21:01.562868+00"
251,"1762968060","1762968120","tumbling_1 minutes","4","1","0.138","485.50723","2025-11-12 17:22:00.708722+00"
252,"1762968120","1762968180","tumbling_1 minutes","4","1","0.511","129.15851","2025-11-12 17:23:00.584876+00"
253,"1762968180","1762968240","tumbling_1 minutes","4","1","0.174","385.05746","2025-11-12 17:24:00.649909+00"
254,"1762968240","1762968300","tumbling_1 minutes","4","1","0.2","335","2025-11-12 17:25:01.076841+00"
255,"1762968300","1762968360","tumbling_1 minutes","4","1","0.376","175.53192","2025-11-12 17:26:00.754027+00"
256,"1762968360","1762968420","tumbling_1 minutes","4","1","1.11","60.36036","2025-11-12 17:27:01.898292+00"
257,"1762968420","1762968480","tumbling_1 minutes","4","1","0.198","333.33334","2025-11-12 17:28:00.478349+00"
258,"1762968480","1762968540","tumbling_1 minutes","4","1","0.125","536","2025-11-12 17:29:00.794274+00"
259,"1762968540","1762968600","tumbling_1 minutes","4","1","0.134","492.53732","2025-11-12 17:30:00.307522+00"
260,"1762968600","1762968660","tumbling_1 minutes","4","1","0.12","558.3333","2025-11-12 17:31:00.693916+00"
261,"1762968660","1762968720","tumbling_1 minutes","4","1","0.303","217.82178","2025-11-12 17:32:00.382415+00"
262,"1762968720","1762968780","tumbling_1 minutes","4","1","0.333","201.2012","2025-11-12 17:33:00.811508+00"
263,"1762968780","1762968840","tumbling_1 minutes","4","1","1.897","35.318924","2025-11-12 17:34:02.77266+00"
264,"1762968840","1762968900","tumbling_1 minutes","4","1","0.121","545.4545","2025-11-12 17:35:00.497686+00"
265,"1762968900","1762968960","tumbling_1 minutes","4","1","0.499","134.26854","2025-11-12 17:36:01.283168+00"
266,"1762968960","1762969020","tumbling_1 minutes","4","1","0.364","181.31868","2025-11-12 17:37:00.652107+00"
267,"1762969020","1762969080","tumbling_1 minutes","4","1","0.126","531.74603","2025-11-12 17:38:00.81835+00"
268,"1762969080","1762969140","tumbling_1 minutes","4","1","0.216","305.55554","2025-11-12 17:39:00.413706+00"
269,"1762969140","1762969200","tumbling_1 minutes","4","1","0.653","102.60337","2025-11-12 17:40:01.238875+00"
270,"1762969200","1762969260","tumbling_1 minutes","4","1","0.486","135.80247","2025-11-12 17:41:00.578211+00"
271,"1762969260","1762969320","tumbling_1 minutes","4","1","0.18","372.22223","2025-11-12 17:42:00.68554+00"
272,"1762969320","1762969380","tumbling_1 minutes","4","1","0.774","86.56331","2025-11-12 17:43:01.672211+00"
273,"1762969380","1762969440","tumbling_1 minutes","4","1","0.293","225.25597","2025-11-12 17:44:00.692172+00"
274,"1762969440","1762969500","tumbling_1 minutes","4","1","0.205","326.82925","2025-11-12 17:45:01.009286+00"
275,"1762969500","1762969560","tumbling_1 minutes","4","1","0.273","241.75824","2025-11-12 17:46:00.582684+00"
276,"1762969560","1762969620","tumbling_1 minutes","4","1","0.441","151.92744","2025-11-12 17:47:01.151067+00"
277,"1762969620","1762969680","tumbling_1 minutes","4","1","0.127","519.68506","2025-11-12 17:48:00.341074+00"
278,"1762969680","1762969740","tumbling_1 minutes","4","1","0.119","563.0252","2025-11-12 17:49:00.724822+00"
279,"1762969740","1762969800","tumbling_1 minutes","4","1","0.318","207.54716","2025-11-12 17:50:00.420686+00"
280,"1762969800","1762969860","tumbling_1 minutes","4","1","0.26","257.69232","2025-11-12 17:51:00.762273+00"
281,"1762969860","1762969920","tumbling_1 minutes","4","1","1.007","66.53426","2025-11-12 17:52:01.914815+00"
282,"1762969920","1762969980","tumbling_1 minutes","4","1","0.215","306.97675","2025-11-12 17:53:00.620639+00"
283,"1762969980","1762970040","tumbling_1 minutes","4","1","0.122","549.1803","2025-11-12 17:54:00.932427+00"
284,"1762970040","1762970100","tumbling_1 minutes","4","1","0.419","157.5179","2025-11-12 17:55:00.728747+00"
285,"1762970100","1762970160","tumbling_1 minutes","4","1","0.203","330.04926","2025-11-12 17:56:00.910617+00"
286,"1762970160","1762970220","tumbling_1 minutes","4","1","1.15","57.391304","2025-11-12 17:57:01.362585+00"
287,"1762970220","1762970280","tumbling_1 minutes","4","1","0.196","341.83673","2025-11-12 17:58:00.812034+00"
288,"1762970280","1762970340","tumbling_1 minutes","4","1","0.244","270.4918","2025-11-12 17:59:00.367412+00"
289,"1762970340","1762970400","tumbling_1 minutes","4","1","0.565","118.58407","2025-11-12 18:00:01.094639+00"
290,"1762970400","1762970460","tumbling_1 minutes","4","1","0.237","278.48102","2025-11-12 18:01:00.265862+00"
291,"1762970460","1762970520","tumbling_1 minutes","4","1","0.196","341.83673","2025-11-12 18:02:00.636626+00"
292,"1762970520","1762970580","tumbling_1 minutes","4","1","0.735","91.15646","2025-11-12 18:03:01.562654+00"
293,"1762970580","1762970640","tumbling_1 minutes","4","1","0.241","273.85892","2025-11-12 18:04:00.570992+00"
294,"1762970640","1762970700","tumbling_1 minutes","4","1","0.274","244.52554","2025-11-12 18:05:01.005948+00"
295,"1762970700","1762970760","tumbling_1 minutes","4","1","0.983","67.1414","2025-11-12 18:06:01.208907+00"
296,"1762970760","1762970820","tumbling_1 minutes","4","1","0.949","70.60063","2025-11-12 18:07:01.577134+00"
297,"1762970820","1762970880","tumbling_1 minutes","4","1","0.98","67.34694","2025-11-12 18:08:01.118334+00"
298,"1762970880","1762970940","tumbling_1 minutes","4","1","0.272","246.32353","2025-11-12 18:09:00.809643+00"
299,"1762970940","1762971000","tumbling_1 minutes","4","1","0.111","594.5946","2025-11-12 18:10:00.14822+00"
300,"1762971000","1762971060","tumbling_1 minutes","4","1","0.288","232.63889","2025-11-12 18:11:00.72401+00"
301,"1762971060","1762971120","tumbling_1 minutes","4","1","0.209","320.57416","2025-11-12 18:12:01.057198+00"
302,"1762971120","1762971180","tumbling_1 minutes","4","1","0.972","67.90124","2025-11-12 18:13:01.323827+00"
303,"1762971180","1762971240","tumbling_1 minutes","4","1","0.686","97.66764","2025-11-12 18:14:01.436436+00"
304,"1762971240","1762971300","tumbling_1 minutes","4","1","0.121","545.4545","2025-11-12 18:15:00.357618+00"
305,"1762971300","1762971360","tumbling_1 minutes","4","1","0.914","73.30416","2025-11-12 18:16:01.545517+00"
306,"1762971360","1762971420","tumbling_1 minutes","4","1","0.764","86.387436","2025-11-12 18:17:00.894885+00"
307,"1762971420","1762971480","tumbling_1 minutes","4","1","0.467","143.46895","2025-11-12 18:18:00.995156+00"
308,"1762971480","1762971540","tumbling_1 minutes","4","1","0.367","179.83652","2025-11-12 18:19:00.401619+00"
309,"1762971540","1762971600","tumbling_1 minutes","4","1","0.767","87.353325","2025-11-12 18:20:01.195452+00"
310,"1762971600","1762971660","tumbling_1 minutes","4","1","0.425","157.64706","2025-11-12 18:21:01.252501+00"
311,"1762971660","1762971720","tumbling_1 minutes","4","1","0.504","130.95238","2025-11-12 18:22:00.837438+00"
312,"1762971720","1762971780","tumbling_1 minutes","4","1","1.563","42.866283","2025-11-12 18:23:02.282324+00"
313,"1762971780","1762971840","tumbling_1 minutes","4","1","0.133","496.2406","2025-11-12 18:24:00.355104+00"
314,"1762971840","1762971900","tumbling_1 minutes","4","1","0.288","232.63889","2025-11-12 18:25:00.914311+00"
315,"1762971900","1762971960","tumbling_1 minutes","4","1","0.329","200.60791","2025-11-12 18:26:00.450626+00"
316,"1762971960","1762972020","tumbling_1 minutes","4","1","0.188","356.38297","2025-11-12 18:27:00.710505+00"
317,"1762972020","1762972080","tumbling_1 minutes","4","1","0.748","88.23529","2025-11-12 18:28:00.769927+00"
318,"1762972080","1762972140","tumbling_1 minutes","4","1","0.176","380.68182","2025-11-12 18:29:00.605425+00"
319,"1762972140","1762972200","tumbling_1 minutes","4","1","0.117","572.6496","2025-11-12 18:30:00.951418+00"
320,"1762972200","1762972260","tumbling_1 minutes","4","1","0.365","180.82191","2025-11-12 18:31:00.6968+00"
321,"1762972260","1762972320","tumbling_1 minutes","4","1","0.161","416.14908","2025-11-12 18:32:00.897505+00"
322,"1762972320","1762972380","tumbling_1 minutes","4","1","0.453","145.69536","2025-11-12 18:33:00.688533+00"
323,"1762972380","1762972440","tumbling_1 minutes","4","1","0.604","110.927155","2025-11-12 18:34:01.244576+00"
324,"1762972440","1762972500","tumbling_1 minutes","4","1","0.91","72.52747","2025-11-12 18:35:01.065557+00"
325,"1762972500","1762972560","tumbling_1 minutes","4","1","0.189","354.49734","2025-11-12 18:36:00.757724+00"
326,"1762972560","1762972620","tumbling_1 minutes","4","1","1.046","63.097515","2025-11-12 18:37:01.128571+00"
327,"1762972620","1762972680","tumbling_1 minutes","4","1","0.4","167.5","2025-11-12 18:38:00.878361+00"
328,"1762972680","1762972740","tumbling_1 minutes","4","1","0.848","79.00944","2025-11-12 18:39:01.732561+00"
329,"1762972740","1762972800","tumbling_1 minutes","4","1","0.329","200.60791","2025-11-12 18:40:00.716314+00"
330,"1762972800","1762972860","tumbling_1 minutes","4","1","0.131","511.45038","2025-11-12 18:41:00.921372+00"
331,"1762972860","1762972920","tumbling_1 minutes","4","1","0.355","185.9155","2025-11-12 18:42:00.658217+00"
332,"1762972920","1762972980","tumbling_1 minutes","4","1","1.22","54.918034","2025-11-12 18:43:01.922478+00"
333,"1762972980","1762973040","tumbling_1 minutes","4","1","0.109","605.5046","2025-11-12 18:44:00.320129+00"
334,"1762973040","1762973100","tumbling_1 minutes","4","1","0.726","92.2865","2025-11-12 18:45:01.345734+00"
335,"1762973100","1762973160","tumbling_1 minutes","4","1","0.356","185.39326","2025-11-12 18:46:00.464351+00"
336,"1762973160","1762973220","tumbling_1 minutes","4","1","0.349","191.97708","2025-11-12 18:47:00.868925+00"
337,"1762973220","1762973280","tumbling_1 minutes","4","1","0.124","532.25806","2025-11-12 18:48:00.148177+00"
338,"1762973280","1762973340","tumbling_1 minutes","4","1","0.517","129.59381","2025-11-12 18:49:00.940692+00"
339,"1762973340","1762973400","tumbling_1 minutes","4","1","0.958","69.93737","2025-11-12 18:50:01.780175+00"
340,"1762973400","1762973460","tumbling_1 minutes","4","1","0.399","165.41353","2025-11-12 18:51:00.716689+00"
341,"1762973460","1762973520","tumbling_1 minutes","4","1","0.154","435.06494","2025-11-12 18:52:00.886058+00"
342,"1762973520","1762973580","tumbling_1 minutes","4","1","0.167","395.2096","2025-11-12 18:53:00.383327+00"
343,"1762973580","1762973640","tumbling_1 minutes","4","1","0.17","394.11765","2025-11-12 18:54:00.788093+00"
344,"1762973640","1762973700","tumbling_1 minutes","4","1","0.665","99.24812","2025-11-12 18:55:00.776592+00"
345,"1762973700","1762973760","tumbling_1 minutes","4","1","0.165","406.0606","2025-11-12 18:56:00.684676+00"
346,"1762973760","1762973820","tumbling_1 minutes","4","1","0.544","123.161766","2025-11-12 18:57:01.459694+00"
347,"1762973820","1762973880","tumbling_1 minutes","4","1","0.167","395.2096","2025-11-12 18:58:00.577309+00"
348,"1762973880","1762973940","tumbling_1 minutes","4","1","0.967","69.28645","2025-11-12 18:59:01.76763+00"
349,"1762973940","1762974000","tumbling_1 minutes","4","1","0.561","117.64706","2025-11-12 19:00:00.871052+00"
350,"1762974000","1762974060","tumbling_1 minutes","4","1","0.456","146.92982","2025-11-12 19:01:01.161899+00"
351,"1762974060","1762974120","tumbling_1 minutes","4","1","0.307","214.98372","2025-11-12 19:02:00.517398+00"
352,"1762974120","1762974180","tumbling_1 minutes","4","1","0.487","137.577","2025-11-12 19:03:01.081468+00"
353,"1762974180","1762974240","tumbling_1 minutes","4","1","0.285","231.57895","2025-11-12 19:04:00.380876+00"
354,"1762974240","1762974300","tumbling_1 minutes","4","1","0.305","219.67213","2025-11-12 19:05:00.803675+00"
355,"1762974300","1762974360","tumbling_1 minutes","4","1","0.281","238.43416","2025-11-12 19:06:01.177171+00"
356,"1762974360","1762974420","tumbling_1 minutes","4","1","0.419","157.5179","2025-11-12 19:07:00.813699+00"
357,"1762974420","1762974480","tumbling_1 minutes","4","1","0.855","78.36257","2025-11-12 19:08:01.652923+00"
358,"1762974480","1762974540","tumbling_1 minutes","4","1","0.465","141.93549","2025-11-12 19:09:00.761522+00"
359,"1762974540","1762974600","tumbling_1 minutes","4","1","0.399","167.9198","2025-11-12 19:10:01.107938+00"
360,"1762974600","1762974660","tumbling_1 minutes","4","1","0.287","229.96516","2025-11-12 19:11:00.484514+00"
361,"1762974660","1762974720","tumbling_1 minutes","4","1","0.172","389.53488","2025-11-12 19:12:00.791368+00"
362,"1762974720","1762974780","tumbling_1 minutes","4","1","0.451","146.34146","2025-11-12 19:13:00.564181+00"
363,"1762974780","1762974840","tumbling_1 minutes","4","1","0.364","184.06593","2025-11-12 19:14:00.884029+00"
364,"1762974840","1762974900","tumbling_1 minutes","4","1","0.505","130.69307","2025-11-12 19:15:00.526876+00"
365,"1762974900","1762974960","tumbling_1 minutes","4","1","0.439","152.61958","2025-11-12 19:16:00.850222+00"
366,"1762974960","1762975020","tumbling_1 minutes","4","1","0.287","233.44948","2025-11-12 19:17:01.10155+00"
367,"1762975020","1762975080","tumbling_1 minutes","4","1","0.249","265.06024","2025-11-12 19:18:00.562941+00"
368,"1762975080","1762975140","tumbling_1 minutes","4","1","0.482","139.00415","2025-11-12 19:19:01.196421+00"
369,"1762975140","1762975200","tumbling_1 minutes","4","1","1.121","58.876003","2025-11-12 19:20:01.333274+00"
370,"1762975200","1762975260","tumbling_1 minutes","4","1","0.415","161.44579","2025-11-12 19:21:01.032912+00"
371,"1762975260","1762975320","tumbling_1 minutes","4","1","0.292","226.0274","2025-11-12 19:22:00.430579+00"
372,"1762975320","1762975380","tumbling_1 minutes","4","1","0.616","108.766235","2025-11-12 19:23:01.14808+00"
373,"1762975380","1762975440","tumbling_1 minutes","4","1","0.128","515.625","2025-11-12 19:24:00.164061+00"
374,"1762975440","1762975500","tumbling_1 minutes","4","1","0.32","209.375","2025-11-12 19:25:00.755225+00"
375,"1762975500","1762975560","tumbling_1 minutes","4","1","0.609","110.01642","2025-11-12 19:26:01.449176+00"
376,"1762975560","1762975620","tumbling_1 minutes","4","1","0.471","140.1274","2025-11-12 19:27:00.806813+00"
377,"1762975620","1762975680","tumbling_1 minutes","4","1","0.113","592.92035","2025-11-12 19:28:00.846011+00"
378,"1762975680","1762975740","tumbling_1 minutes","4","1","0.297","222.22223","2025-11-12 19:29:00.52521+00"
379,"1762975740","1762975800","tumbling_1 minutes","4","1","0.61","109.83607","2025-11-12 19:30:01.239711+00"
380,"1762975800","1762975860","tumbling_1 minutes","4","1","0.566","116.60777","2025-11-12 19:31:00.687379+00"
381,"1762975860","1762975920","tumbling_1 minutes","4","1","0.378","177.24867","2025-11-12 19:32:00.906848+00"
382,"1762975920","1762975980","tumbling_1 minutes","4","1","0.44","150","2025-11-12 19:33:00.465996+00"
383,"1762975980","1762976040","tumbling_1 minutes","4","1","0.412","162.62135","2025-11-12 19:34:00.833744+00"
384,"1762976040","1762976100","tumbling_1 minutes","4","1","0.276","242.75362","2025-11-12 19:35:01.095296+00"
385,"1762976100","1762976160","tumbling_1 minutes","4","1","0.351","188.0342","2025-11-12 19:36:00.689012+00"
386,"1762976160","1762976220","tumbling_1 minutes","4","1","0.278","241.00719","2025-11-12 19:37:01.010794+00"
387,"1762976220","1762976280","tumbling_1 minutes","4","1","0.214","308.41122","2025-11-12 19:38:00.463149+00"
388,"1762976280","1762976340","tumbling_1 minutes","4","1","0.589","113.75212","2025-11-12 19:39:01.233003+00"
389,"1762976340","1762976400","tumbling_1 minutes","4","1","0.321","205.60748","2025-11-12 19:40:00.467029+00"
390,"1762976400","1762976460","tumbling_1 minutes","4","1","0.125","536","2025-11-12 19:41:00.679425+00"
391,"1762976460","1762976520","tumbling_1 minutes","4","1","0.514","128.40466","2025-11-12 19:42:00.571522+00"
392,"1762976520","1762976580","tumbling_1 minutes","4","1","0.154","435.06494","2025-11-12 19:43:00.605798+00"
393,"1762976580","1762976640","tumbling_1 minutes","4","1","0.588","113.94558","2025-11-12 19:44:01.439925+00"
394,"1762976640","1762976700","tumbling_1 minutes","4","1","0.227","290.7489","2025-11-12 19:45:00.584474+00"
395,"1762976700","1762976760","tumbling_1 minutes","4","1","0.314","213.3758","2025-11-12 19:46:01.06393+00"
396,"1762976760","1762976820","tumbling_1 minutes","4","1","0.962","68.60707","2025-11-12 19:47:01.213531+00"
397,"1762976820","1762976880","tumbling_1 minutes","4","1","0.385","174.02597","2025-11-12 19:48:01.029374+00"
398,"1762976880","1762976940","tumbling_1 minutes","4","1","1.914","34.482758","2025-11-12 19:49:02.06429+00"
399,"1762976940","1762977000","tumbling_1 minutes","4","1","2.043","32.79491","2025-11-12 19:50:02.594762+00"
400,"1762977000","1762977060","tumbling_1 minutes","4","1","0.617","106.96921","2025-11-12 19:51:00.669602+00"
401,"1762977060","1762977120","tumbling_1 minutes","4","1","0.471","142.25053","2025-11-12 19:52:00.937048+00"
402,"1762977120","1762977180","tumbling_1 minutes","4","1","0.899","74.52725","2025-11-12 19:53:01.759958+00"
403,"1762977180","1762977240","tumbling_1 minutes","4","1","1.153","57.241978","2025-11-12 19:54:01.512343+00"
404,"1762977240","1762977300","tumbling_1 minutes","4","1","0.124","540.3226","2025-11-12 19:55:00.880991+00"
405,"1762977300","1762977360","tumbling_1 minutes","4","1","0.899","73.4149","2025-11-12 19:56:01.171443+00"
406,"1762977360","1762977420","tumbling_1 minutes","4","1","0.142","471.831","2025-11-12 19:57:00.819805+00"
407,"1762977420","1762977480","tumbling_1 minutes","4","1","0.425","155.29411","2025-11-12 19:58:00.604729+00"
408,"1762977480","1762977540","tumbling_1 minutes","4","1","0.246","272.35773","2025-11-12 19:59:00.8712+00"
409,"1762977540","1762977600","tumbling_1 minutes","4","1","0.552","119.565216","2025-11-12 20:00:00.776925+00"
410,"1762977600","1762977660","tumbling_1 minutes","4","1","0.211","317.53555","2025-11-12 20:01:00.92346+00"
411,"1762977660","1762977720","tumbling_1 minutes","4","1","0.789","83.65019","2025-11-12 20:02:01.129411+00"
412,"1762977720","1762977780","tumbling_1 minutes","4","1","0.645","103.87597","2025-11-12 20:03:01.515038+00"
413,"1762977780","1762977840","tumbling_1 minutes","4","1","1.859","35.50296","2025-11-12 20:04:02.423767+00"
414,"1762977840","1762977900","tumbling_1 minutes","4","1","1.109","59.513073","2025-11-12 20:05:01.408672+00"
415,"1762977900","1762977960","tumbling_1 minutes","4","1","0.738","90.78591","2025-11-12 20:06:01.638008+00"
416,"1762977960","1762978020","tumbling_1 minutes","4","1","2.316","28.49741","2025-11-12 20:07:02.934185+00"
417,"1762978020","1762978080","tumbling_1 minutes","4","1","2.648","24.92447","2025-11-12 20:08:03.015842+00"
418,"1762978080","1762978140","tumbling_1 minutes","4","1","0.233","283.2618","2025-11-12 20:09:00.304939+00"
419,"1762978140","1762978200","tumbling_1 minutes","4","1","0.728","92.03297","2025-11-12 20:10:01.440299+00"
420,"1762978200","1762978260","tumbling_1 minutes","4","1","2.104","31.368822","2025-11-12 20:11:02.503329+00"
421,"1762978260","1762978320","tumbling_1 minutes","4","1","2.598","25.404158","2025-11-12 20:12:02.669748+00"
422,"1762978320","1762978380","tumbling_1 minutes","4","1","0.713","93.96915","2025-11-12 20:13:01.320666+00"
423,"1762978380","1762978440","tumbling_1 minutes","4","1","0.419","157.5179","2025-11-12 20:14:00.740568+00"
424,"1762978440","1762978500","tumbling_1 minutes","4","1","0.999","67.06707","2025-11-12 20:15:01.87385+00"
425,"1762978500","1762978560","tumbling_1 minutes","4","1","1.128","58.51064","2025-11-12 20:16:01.766428+00"
426,"1762978560","1762978620","tumbling_1 minutes","4","1","1.903","34.68208","2025-11-12 20:17:02.334968+00"
427,"1762978620","1762978680","tumbling_1 minutes","4","1","0.532","124.06015","2025-11-12 20:18:00.663323+00"
428,"1762978680","1762978740","tumbling_1 minutes","4","1","3.08","21.753246","2025-11-12 20:19:03.905621+00"
429,"1762978740","1762978800","tumbling_1 minutes","4","1","2.263","29.164825","2025-11-12 20:20:02.782211+00"
430,"1762978800","1762978860","tumbling_1 minutes","4","1","3.914","16.862545","2025-11-12 20:21:04.212601+00"
431,"1762978860","1762978920","tumbling_1 minutes","4","1","10.551","6.255331","2025-11-12 20:22:10.726856+00"
